variant_id,gene_symbol,hgvs_p,grantham,is_conserved,in_domain,hydrophobicity_delta,charge_delta,clinical_significance
VAR0000,CFTR,p.Gly219Asp,25,0,1,-1.8802225806038768,-1,Pathogenic
VAR0001,CFTR,p.Gly7Asp,68,1,0,-0.43497813259010126,-1,Pathogenic
VAR0002,TP53,p.Gly39Asp,191,0,1,0.07072914133141447,-1,Benign
VAR0003,BRCA1,p.Gly93Asp,137,0,0,-0.33420021347565354,-1,Pathogenic
VAR0004,MYH7,p.Gly220Asp,35,0,1,-0.301445959253095,-1,Benign
VAR0005,TP53,p.Gly131Asp,155,0,1,-0.2703456701176043,1,Benign
VAR0006,HTT,p.Gly125Asp,146,1,0,0.269411630507887,-1,Benign
VAR0007,APOE,p.Gly40Asp,48,0,0,-0.5246046194008523,1,Pathogenic
VAR0008,APOE,p.Gly101Asp,79,0,0,-0.42285779894981956,0,Pathogenic
VAR0009,HTT,p.Gly107Asp,29,0,1,1.2948274319160809,1,Benign
VAR0010,APOE,p.Gly261Asp,93,1,1,-0.1928554603497804,0,Benign
VAR0011,PAH,p.Gly248Asp,75,0,1,-1.7780128529585086,0,Benign
VAR0012,BRCA1,p.Gly36Asp,109,0,0,0.06250171874376198,1,Benign
VAR0013,HTT,p.Gly46Asp,117,1,0,-0.670381653484371,-1,Benign
VAR0014,TP53,p.Gly288Asp,96,1,0,1.4267211566488358,0,Benign
VAR0015,CFTR,p.Gly65Asp,48,1,0,0.15684398370418373,0,Benign
VAR0016,TP53,p.Gly144Asp,180,1,0,0.8646487304287246,1,Benign
VAR0017,MYH7,p.Gly6Asp,176,0,0,-0.6135576304637509,-1,Pathogenic
VAR0018,CFTR,p.Gly177Asp,11,1,1,1.5306722449054901,-1,Benign
VAR0019,TP53,p.Gly34Asp,126,0,0,-0.23343632938586034,0,Benign
VAR0020,CFTR,p.Gly9Asp,95,1,0,0.5610030394506885,-1,Benign
VAR0021,PAH,p.Gly275Asp,150,1,0,-1.1241719496889078,-1,Pathogenic
VAR0022,APOE,p.Gly92Asp,197,1,0,-1.5562876468486921,-1,Benign
VAR0023,HTT,p.Gly191Asp,124,1,0,0.7587252005544856,-1,Benign
VAR0024,CFTR,p.Gly268Asp,86,0,0,0.3849852906098245,-1,Benign
VAR0025,HTT,p.Gly276Asp,36,0,1,-0.7938435801598606,0,Benign
VAR0026,TP53,p.Gly104Asp,178,0,0,-0.127931752738177,1,Pathogenic
VAR0027,TP53,p.Gly204Asp,141,1,0,-0.05122229232032122,-1,Pathogenic
VAR0028,CFTR,p.Gly63Asp,37,0,0,0.15447440016170963,1,Pathogenic
VAR0029,TP53,p.Gly29Asp,160,0,1,1.8203645991940582,1,Benign
VAR0030,MYH7,p.Gly166Asp,102,1,0,0.3001139057307936,1,Pathogenic
VAR0031,APOE,p.Gly217Asp,14,0,0,0.8107682857875183,0,Pathogenic
VAR0032,CFTR,p.Gly113Asp,80,0,0,0.9749368691572217,-1,Benign
VAR0033,PAH,p.Gly125Asp,184,0,0,1.1215155042067368,-1,Pathogenic
VAR0034,BRCA1,p.Gly227Asp,112,1,1,-0.19431293981081724,-1,Pathogenic
VAR0035,PAH,p.Gly244Asp,35,1,0,-0.011904762901977754,-1,Benign
VAR0036,HTT,p.Gly91Asp,117,0,0,-0.45629154932452043,1,Pathogenic
VAR0037,BRCA1,p.Gly216Asp,71,0,0,-2.060826906068468,1,Pathogenic
VAR0038,HTT,p.Gly108Asp,36,1,0,-0.4681581856513861,1,Benign
VAR0039,MYH7,p.Gly39Asp,157,1,1,-0.9960159087143641,1,Benign
VAR0040,BRCA1,p.Gly78Asp,196,0,0,-0.6929180607569755,1,Pathogenic
VAR0041,APOE,p.Gly258Asp,18,0,1,-0.09216159806195907,-1,Benign
VAR0042,TP53,p.Gly118Asp,42,0,0,-1.7687717000796903,1,Pathogenic
VAR0043,MYH7,p.Gly89Asp,76,0,1,-0.2229501564455013,1,Benign
VAR0044,CFTR,p.Gly4Asp,146,1,0,-0.5920597956203887,0,Pathogenic
VAR0045,PAH,p.Gly142Asp,62,1,1,1.6704475570380852,-1,Benign
VAR0046,PAH,p.Gly220Asp,182,1,0,0.8805945478797976,1,Benign
VAR0047,APOE,p.Gly237Asp,55,0,0,-1.9070456210056834,0,Pathogenic
VAR0048,APOE,p.Gly41Asp,97,1,1,-0.21926316981677368,0,Benign
VAR0049,PAH,p.Gly1Asp,65,0,0,0.3987000598870915,-1,Pathogenic
VAR0050,MYH7,p.Gly120Asp,47,0,0,0.8310907564348208,-1,Pathogenic
VAR0051,CFTR,p.Gly133Asp,115,0,0,-1.1130701393757323,0,Pathogenic
VAR0052,APOE,p.Gly239Asp,77,1,0,-0.7995868615964591,0,Benign
VAR0053,TP53,p.Gly296Asp,155,0,0,-0.4087692978968402,0,Benign
VAR0054,APOE,p.Gly256Asp,76,0,0,-0.14653385087009818,-1,Pathogenic
VAR0055,MYH7,p.Gly78Asp,40,0,0,0.19519179128509206,-1,Pathogenic
VAR0056,APOE,p.Gly67Asp,64,1,1,-0.8279231408715255,-1,Benign
VAR0057,HTT,p.Gly51Asp,121,0,1,-0.2850475326049961,0,Benign
VAR0058,TP53,p.Gly52Asp,144,1,1,-0.3983495698106762,1,Benign
VAR0059,PAH,p.Gly211Asp,54,0,0,0.12070947182681037,1,Benign
VAR0060,CFTR,p.Gly90Asp,45,0,0,0.13891007496547333,1,Benign
VAR0061,TP53,p.Gly241Asp,39,1,0,-1.6182690091954535,1,Benign
VAR0062,PAH,p.Gly101Asp,184,0,1,0.8959819868886562,-1,Pathogenic
VAR0063,APOE,p.Gly296Asp,180,0,0,0.9763211006817006,-1,Benign
VAR0064,TP53,p.Gly203Asp,37,0,0,-1.0968445970495384,-1,Benign
VAR0065,TP53,p.Gly85Asp,2,1,0,1.6220820082183631,0,Benign
VAR0066,HTT,p.Gly288Asp,31,0,1,-0.5503268360354275,-1,Benign
VAR0067,BRCA1,p.Gly233Asp,0,0,0,1.098561044119863,1,Benign
VAR0068,TP53,p.Gly296Asp,162,0,0,0.7115788965500623,1,Benign
VAR0069,BRCA1,p.Gly159Asp,16,0,0,-1.1434767157854167,1,Pathogenic
VAR0070,BRCA1,p.Gly233Asp,184,0,0,-0.244956998823626,0,Benign
VAR0071,MYH7,p.Gly139Asp,63,1,0,-2.6219344131559468,0,Benign
VAR0072,APOE,p.Gly45Asp,6,1,0,0.5950866531489535,0,Pathogenic
VAR0073,CFTR,p.Gly50Asp,106,0,1,0.3706499447254836,1,Pathogenic
VAR0074,PAH,p.Gly231Asp,112,0,1,-1.2865170574421656,0,Benign
VAR0075,TP53,p.Gly86Asp,181,0,0,0.2667609177130977,-1,Benign
VAR0076,APOE,p.Gly103Asp,3,0,0,-1.8261889532741928,1,Pathogenic
VAR0077,PAH,p.Gly105Asp,36,1,1,-1.2942553281872222,1,Benign
VAR0078,BRCA1,p.Gly224Asp,161,0,0,-0.936428389087323,1,Benign
VAR0079,HTT,p.Gly184Asp,58,1,0,0.7711062441198919,1,Pathogenic
VAR0080,PAH,p.Gly277Asp,173,0,0,0.40640991668935117,0,Pathogenic
VAR0081,BRCA1,p.Gly271Asp,66,0,0,-1.0373768474471752,1,Benign
VAR0082,MYH7,p.Gly95Asp,156,0,1,0.06437759426203765,-1,Benign
VAR0083,APOE,p.Gly71Asp,125,0,0,-0.8307620094000847,-1,Benign
VAR0084,MYH7,p.Gly162Asp,167,1,0,0.924694595482591,-1,Benign
VAR0085,HTT,p.Gly94Asp,89,1,1,0.7431438060986626,1,Benign
VAR0086,PAH,p.Gly107Asp,103,1,0,0.6175371392785037,-1,Benign
VAR0087,HTT,p.Gly12Asp,15,1,1,-0.45769266730709707,0,Benign
VAR0088,HTT,p.Gly92Asp,16,1,1,1.9043063743419724,0,Benign
VAR0089,PAH,p.Gly159Asp,73,0,1,-0.28010706448125594,-1,Benign
VAR0090,MYH7,p.Gly103Asp,80,0,1,-0.18533680398514255,1,Pathogenic
VAR0091,PAH,p.Gly98Asp,57,1,0,0.619169076080185,0,Benign
VAR0092,HTT,p.Gly183Asp,134,0,0,0.5633226787171641,1,Pathogenic
VAR0093,TP53,p.Gly60Asp,121,1,0,-0.8919255013752623,1,Benign
VAR0094,APOE,p.Gly82Asp,83,1,0,0.2677769210734991,0,Benign
VAR0095,HTT,p.Gly221Asp,130,0,0,1.564919196794522,-1,Benign
VAR0096,TP53,p.Gly62Asp,135,0,1,-0.02152446941798074,0,Benign
VAR0097,APOE,p.Gly245Asp,144,0,0,1.3048348292901781,-1,Pathogenic
VAR0098,APOE,p.Gly144Asp,6,1,0,0.27906187182945036,-1,Benign
VAR0099,MYH7,p.Gly181Asp,79,0,0,-0.15777826917100796,0,Benign
VAR0100,BRCA1,p.Gly241Asp,155,0,0,0.041789799173244574,-1,Benign
VAR0101,CFTR,p.Gly195Asp,18,1,0,0.46505059254194153,1,Pathogenic
VAR0102,MYH7,p.Gly214Asp,166,0,0,0.5841323577460058,1,Pathogenic
VAR0103,HTT,p.Gly298Asp,159,0,0,-0.17627310801734147,-1,Benign
VAR0104,CFTR,p.Gly81Asp,22,1,0,-1.2637725255400514,-1,Benign
VAR0105,BRCA1,p.Gly62Asp,175,0,0,0.20620776823299514,-1,Benign
VAR0106,TP53,p.Gly120Asp,32,0,0,1.1039861951856305,0,Benign
VAR0107,CFTR,p.Gly129Asp,104,0,0,0.60402691466207,0,Benign
VAR0108,HTT,p.Gly140Asp,102,1,0,-1.6940944777786209,1,Pathogenic
VAR0109,BRCA1,p.Gly94Asp,97,0,1,0.287625735613874,-1,Benign
VAR0110,CFTR,p.Gly171Asp,47,0,1,0.9049426735393066,0,Benign
VAR0111,CFTR,p.Gly77Asp,180,0,1,0.2102762354426965,1,Benign
VAR0112,PAH,p.Gly177Asp,26,0,0,1.6086320154104339,1,Benign
VAR0113,APOE,p.Gly272Asp,137,0,0,-0.05218362533825597,-1,Pathogenic
VAR0114,CFTR,p.Gly216Asp,186,1,1,0.45472121692889866,-1,Benign
VAR0115,HTT,p.Gly130Asp,108,1,0,1.127761354912798,0,Benign
VAR0116,MYH7,p.Gly239Asp,142,0,0,-0.8708488153862494,0,Benign
VAR0117,PAH,p.Gly40Asp,59,0,0,0.30746729521517707,-1,Pathogenic
VAR0118,HTT,p.Gly74Asp,118,0,1,1.3097658323684858,0,Pathogenic
VAR0119,CFTR,p.Gly49Asp,54,0,0,0.6231832913646321,-1,Pathogenic
VAR0120,APOE,p.Gly287Asp,132,1,0,0.9452753498962823,0,Pathogenic
VAR0121,CFTR,p.Gly114Asp,38,1,0,-1.9967261766718885,1,Benign
VAR0122,APOE,p.Gly119Asp,180,1,0,-2.8472133558547585,-1,Pathogenic
VAR0123,BRCA1,p.Gly115Asp,117,0,1,0.053621960112814206,0,Benign
VAR0124,HTT,p.Gly62Asp,88,0,0,1.0810637310718278,0,Benign
VAR0125,TP53,p.Gly245Asp,37,1,0,0.4459067902920897,0,Pathogenic
VAR0126,MYH7,p.Gly237Asp,187,0,0,0.6141981854145118,0,Pathogenic
VAR0127,PAH,p.Gly168Asp,43,1,0,-1.508639080932442,-1,Benign
VAR0128,TP53,p.Gly42Asp,30,1,0,0.0844406900023919,0,Pathogenic
VAR0129,APOE,p.Gly29Asp,51,0,0,0.36316997160743364,1,Benign
VAR0130,CFTR,p.Gly282Asp,68,0,0,-1.2643791400656847,-1,Benign
VAR0131,MYH7,p.Gly129Asp,194,0,0,2.5946454127955514,1,Benign
VAR0132,MYH7,p.Gly295Asp,108,1,1,0.5315898237948895,-1,Pathogenic
VAR0133,BRCA1,p.Gly94Asp,131,0,0,-0.1546592752828367,1,Pathogenic
VAR0134,TP53,p.Gly129Asp,67,0,0,0.7250045990966625,0,Pathogenic
VAR0135,CFTR,p.Gly20Asp,33,0,0,0.2494427221889688,1,Benign
VAR0136,APOE,p.Gly139Asp,88,1,0,1.0726752077673525,-1,Pathogenic
VAR0137,TP53,p.Gly236Asp,158,1,0,1.1796326951235403,0,Pathogenic
VAR0138,PAH,p.Gly224Asp,166,0,1,0.4970517092741547,-1,Benign
VAR0139,PAH,p.Gly31Asp,50,1,1,0.37649293179376614,1,Benign
VAR0140,PAH,p.Gly20Asp,128,1,0,1.3749001284805893,1,Benign
VAR0141,PAH,p.Gly41Asp,68,0,0,-0.07396379118408061,1,Pathogenic
VAR0142,HTT,p.Gly221Asp,136,0,0,-1.0505800072831402,1,Pathogenic
VAR0143,APOE,p.Gly135Asp,29,0,0,0.07806725499698919,0,Benign
VAR0144,TP53,p.Gly198Asp,198,0,0,1.8758472448141559,-1,Pathogenic
VAR0145,CFTR,p.Gly254Asp,152,0,1,0.0051609904349959376,1,Benign
VAR0146,TP53,p.Gly74Asp,144,0,1,0.3250101169785118,1,Benign
VAR0147,BRCA1,p.Gly45Asp,143,0,1,-0.5912835736859999,-1,Benign
VAR0148,APOE,p.Gly172Asp,113,1,0,1.0771443488039043,-1,Pathogenic
VAR0149,CFTR,p.Gly277Asp,199,0,1,0.12292730614983154,1,Benign
VAR0150,CFTR,p.Gly124Asp,77,0,1,-0.7783468032892222,-1,Pathogenic
VAR0151,TP53,p.Gly138Asp,105,1,1,1.1893192389909015,-1,Benign
VAR0152,MYH7,p.Gly11Asp,113,0,1,-0.198841074071959,1,Benign
VAR0153,HTT,p.Gly283Asp,40,0,1,0.16883773742493594,-1,Benign
VAR0154,MYH7,p.Gly139Asp,5,0,0,-1.7124003244606731,-1,Benign
VAR0155,TP53,p.Gly106Asp,12,1,1,0.43643171411824544,1,Benign
VAR0156,HTT,p.Gly56Asp,73,0,0,-0.7105864117171025,-1,Benign
VAR0157,MYH7,p.Gly116Asp,121,1,0,0.7385549638673558,0,Pathogenic
VAR0158,TP53,p.Gly93Asp,187,0,1,-1.6059971242410416,0,Benign
VAR0159,APOE,p.Gly163Asp,107,0,0,-0.9763771520836926,0,Benign
VAR0160,MYH7,p.Gly181Asp,45,1,0,-0.3202781786238855,-1,Pathogenic
VAR0161,BRCA1,p.Gly254Asp,124,1,0,-0.27165721033310697,0,Benign
VAR0162,HTT,p.Gly82Asp,96,0,0,3.2835150714879817,0,Benign
VAR0163,BRCA1,p.Gly135Asp,41,1,0,-0.2323411623869781,1,Pathogenic
VAR0164,MYH7,p.Gly244Asp,191,1,0,0.8771958488631645,-1,Pathogenic
VAR0165,MYH7,p.Gly65Asp,140,0,0,-0.42742591724173046,1,Benign
VAR0166,CFTR,p.Gly63Asp,87,0,1,0.21690836232196864,-1,Benign
VAR0167,PAH,p.Gly280Asp,18,0,1,-0.7379247330451363,0,Benign
VAR0168,CFTR,p.Gly252Asp,195,0,1,-0.05672003667246883,1,Benign
VAR0169,MYH7,p.Gly270Asp,24,0,0,-0.9245040396070417,1,Pathogenic
VAR0170,APOE,p.Gly74Asp,79,1,1,0.3316248541666794,-1,Benign
VAR0171,PAH,p.Gly92Asp,59,0,0,-0.5210812238732622,0,Pathogenic
VAR0172,PAH,p.Gly83Asp,4,0,1,-0.6175470064539672,0,Pathogenic
VAR0173,TP53,p.Gly198Asp,128,0,0,0.2643973293811129,1,Benign
VAR0174,APOE,p.Gly209Asp,28,0,1,0.5547296546073945,0,Benign
VAR0175,TP53,p.Gly131Asp,92,0,0,0.9543466538905717,1,Benign
VAR0176,TP53,p.Gly216Asp,91,1,0,-0.49371904908211645,0,Pathogenic
VAR0177,BRCA1,p.Gly170Asp,29,0,0,-1.9044742585855732,-1,Pathogenic
VAR0178,HTT,p.Gly238Asp,54,0,1,-0.9818485627419808,-1,Pathogenic
VAR0179,CFTR,p.Gly273Asp,125,1,1,0.3932928726938534,0,Pathogenic
VAR0180,BRCA1,p.Gly66Asp,124,0,1,0.4239601113060709,-1,Benign
VAR0181,BRCA1,p.Gly53Asp,155,1,0,0.1601241690486497,-1,Pathogenic
VAR0182,CFTR,p.Gly243Asp,183,0,1,0.05892920981310936,0,Benign
VAR0183,HTT,p.Gly33Asp,39,1,0,-1.0872043073885531,1,Benign
VAR0184,APOE,p.Gly47Asp,52,0,1,-0.6860348690741999,-1,Benign
VAR0185,APOE,p.Gly21Asp,51,1,0,-0.39031610513649506,0,Benign
VAR0186,PAH,p.Gly83Asp,97,1,0,-1.758900519213958,-1,Benign
VAR0187,MYH7,p.Gly160Asp,136,0,0,-0.3738999456266875,0,Pathogenic
VAR0188,PAH,p.Gly142Asp,86,1,0,0.45328887569454496,0,Benign
VAR0189,BRCA1,p.Gly233Asp,17,0,1,0.9034698709222078,0,Benign
VAR0190,TP53,p.Gly210Asp,93,0,0,-0.8282149817800033,-1,Pathogenic
VAR0191,TP53,p.Gly241Asp,13,0,1,1.0901232098828002,0,Benign
VAR0192,BRCA1,p.Gly244Asp,3,0,1,0.4889761576185923,0,Pathogenic
VAR0193,MYH7,p.Gly114Asp,200,1,0,2.2022412879978166,0,Benign
VAR0194,HTT,p.Gly109Asp,31,0,0,-0.8919601080324797,0,Benign
VAR0195,PAH,p.Gly35Asp,157,1,1,0.33737869092095085,-1,Benign
VAR0196,HTT,p.Gly216Asp,32,1,0,0.7821190716353102,0,Pathogenic
VAR0197,TP53,p.Gly59Asp,113,1,1,-0.35925417983204094,1,Benign
VAR0198,HTT,p.Gly200Asp,144,0,0,1.1567269553256676,0,Benign
VAR0199,CFTR,p.Gly270Asp,61,0,0,-2.2778522703131827,-1,Benign
VAR0200,PAH,p.Gly104Asp,42,0,0,-1.1920724098929694,1,Benign
VAR0201,MYH7,p.Gly90Asp,36,0,0,1.2858694522968093,-1,Pathogenic
VAR0202,HTT,p.Gly6Asp,158,0,0,-1.235492068015628,0,Pathogenic
VAR0203,PAH,p.Gly264Asp,57,0,0,-0.19058025358038494,1,Benign
VAR0204,HTT,p.Gly76Asp,67,1,0,-0.5206144042447328,1,Benign
VAR0205,APOE,p.Gly138Asp,121,0,1,0.667584080988579,1,Benign
VAR0206,TP53,p.Gly293Asp,83,0,0,0.9884205813692777,-1,Benign
VAR0207,MYH7,p.Gly149Asp,61,0,0,-1.2612968040868404,-1,Pathogenic
VAR0208,TP53,p.Gly59Asp,44,0,0,0.6030374404935832,-1,Benign
VAR0209,MYH7,p.Gly208Asp,32,1,0,-0.9148986056359526,1,Benign
VAR0210,HTT,p.Gly212Asp,119,0,0,0.18307270866125125,1,Benign
VAR0211,PAH,p.Gly213Asp,38,0,0,-0.37283294551935664,-1,Benign
VAR0212,CFTR,p.Gly65Asp,81,1,0,1.8397751663862443,0,Benign
VAR0213,BRCA1,p.Gly154Asp,49,0,0,1.0116565559440678,0,Benign
VAR0214,BRCA1,p.Gly215Asp,179,0,0,0.5228769217818344,0,Benign
VAR0215,MYH7,p.Gly33Asp,68,0,0,-0.751137322502068,0,Benign
VAR0216,HTT,p.Gly271Asp,191,0,0,-0.4440951888912541,0,Pathogenic
VAR0217,PAH,p.Gly273Asp,16,0,1,1.2839472772982066,-1,Pathogenic
VAR0218,HTT,p.Gly163Asp,138,1,1,0.9140987565978068,-1,Pathogenic
VAR0219,CFTR,p.Gly136Asp,88,0,0,-1.2931388520100955,-1,Benign
VAR0220,MYH7,p.Gly239Asp,131,1,0,0.22806309936767255,-1,Benign
VAR0221,BRCA1,p.Gly150Asp,167,0,0,2.9687384662598544,1,Pathogenic
VAR0222,APOE,p.Gly89Asp,198,0,0,0.22492881655814714,0,Pathogenic
VAR0223,HTT,p.Gly44Asp,144,1,0,0.7691756031726255,-1,Pathogenic
VAR0224,HTT,p.Gly198Asp,150,0,0,-0.5670171530062718,1,Benign
VAR0225,PAH,p.Gly242Asp,87,0,0,-0.9543697509763458,0,Pathogenic
VAR0226,CFTR,p.Gly38Asp,178,1,0,-0.3230714939486592,1,Pathogenic
VAR0227,APOE,p.Gly101Asp,191,1,1,-0.1255172702932308,-1,Benign
VAR0228,TP53,p.Gly162Asp,177,0,0,0.0992967979422961,1,Benign
VAR0229,TP53,p.Gly223Asp,37,0,0,0.5371839587299921,1,Benign
VAR0230,BRCA1,p.Gly143Asp,175,0,0,0.32384602031242904,-1,Benign
VAR0231,TP53,p.Gly206Asp,185,0,0,0.23454788804732682,1,Benign
VAR0232,PAH,p.Gly279Asp,141,1,0,-1.9136007682626044,1,Benign
VAR0233,MYH7,p.Gly91Asp,197,1,1,0.1423077170836692,-1,Pathogenic
VAR0234,HTT,p.Gly24Asp,195,1,1,0.3777225431885852,-1,Benign
VAR0235,APOE,p.Gly142Asp,42,0,0,0.052430142077678536,-1,Benign
VAR0236,MYH7,p.Gly223Asp,107,1,1,-1.599553806482234,1,Benign
VAR0237,APOE,p.Gly161Asp,195,1,0,-0.08360422866505786,1,Benign
VAR0238,HTT,p.Gly294Asp,172,0,0,-0.8972997762156122,-1,Pathogenic
VAR0239,CFTR,p.Gly210Asp,93,0,1,-1.6440422689657928,1,Benign
VAR0240,PAH,p.Gly119Asp,88,0,1,-0.8060517466077705,0,Benign
VAR0241,HTT,p.Gly20Asp,133,0,1,-0.5160812784397918,1,Pathogenic
VAR0242,HTT,p.Gly28Asp,34,1,0,2.4800601233397903,-1,Pathogenic
VAR0243,CFTR,p.Gly50Asp,168,0,0,1.0013623968854775,1,Benign
VAR0244,TP53,p.Gly59Asp,188,1,0,-0.8052197787612994,0,Benign
VAR0245,PAH,p.Gly240Asp,117,1,1,0.3438445605700528,1,Benign
VAR0246,BRCA1,p.Gly53Asp,149,1,0,1.1285885889770282,1,Benign
VAR0247,PAH,p.Gly148Asp,116,0,0,-0.5554282801216813,0,Benign
VAR0248,HTT,p.Gly211Asp,63,1,0,0.997178397755115,0,Benign
VAR0249,APOE,p.Gly5Asp,60,0,0,1.298632637098515,-1,Benign
